country,1970,1971,1972,1973,1974,1975,1976,1977,1978,1979,1980,1981,1982,1983,1984,1985,1986,1987,1988,1989,1990,1991,1992,1993,1994,1995,1996,1997,1998,1999,2000,2001,2002,2003,2004,2005,2006,2007,2008,2009,2010,2011,2012,2013,2014,2015,2016,2017
Afghanistan,84700,97400,105000,96600,96100,99000,102000,111000,100000,93000,76200,129000,181000,200000,220000,226000,184000,218000,201000,220000,241000,212000,212000,197000,238000,250000,256000,89600,52700,140000,150000,,,,,,,,,,2000000,2280000,1740000,2040000,2210000,1930000,1920000,1860000
Albania,,,,,,,,,,,,,,,,,,,,,,,,,9100,13000,29000,55400,21200,91500,137000,146000,138000,159000,180000,196000,213000,239000,244000,231000,769000,830000,814000,866000,152000,,26600,103000
Algeria,563000,715000,844000,1050000,1250000,1620000,1680000,2000000,2230000,2660000,2950000,3000000,3150000,3410000,3780000,3970000,3690000,3570000,3660000,3860000,3750000,3390000,3550000,3250000,3240000,3480000,3490000,3520000,3380000,2940000,3000000,3420000,3000000,3290000,3240000,3040000,2900000,2810000,2880000,4370000,3370000,3540000,4080000,4490000,5020000,5400000,6090000,6240000
Angola,,,,,,,155000,283000,308000,546000,635000,801000,891000,953000,690000,894000,727000,746000,750000,510000,452000,456000,440000,334000,519000,553000,585000,555000,553000,294000,235000,193000,190000,198000,222000,240000,263000,277000,284000,275000,1010000,988000,1130000,1320000,1410000,1240000,1480000,1580000
Antigua and Barbuda,,,,,,,,,,,,389000,377000,385000,420000,500000,600000,582000,700000,740000,755000,870000,914000,955000,1000000,1050000,1100000,1250000,1250000,1370000,1430000,1370000,1290000,1430000,714000,778000,755000,800000,813000,748000,1550000,1420000,1310000,1220000,1220000,1040000,1040000,591000
Argentina,2330000,2220000,2360000,2310000,2940000,3300000,3290000,3880000,3950000,5020000,5590000,4890000,4600000,4400000,5160000,4710000,5030000,5410000,5070000,4750000,5370000,4550000,5250000,5100000,6260000,6640000,7910000,8600000,8450000,9190000,8920000,5810000,5660000,6040000,6800000,6940000,6610000,7040000,6150000,5690000,9030000,8590000,9380000,12000000,12100000,14200000,15100000,18300000
Armenia,,,,,,,,,,,,,,,,,,,,,,,,,,,358000,368000,365000,343000,298000,369000,408000,367000,510000,556000,606000,561000,624000,653000,705000,392000,365000,45000,0,,,
Australia,7320000,7330000,7800000,9380000,10700000,11100000,10900000,11300000,12100000,13000000,13600000,13200000,13200000,12600000,13200000,14400000,15500000,16900000,18800000,15100000,17600000,21900000,23900000,26900000,26900000,28800000,30100000,31000000,30200000,31600000,32600000,33500000,39000000,41400000,41600000,44700000,47000000,48700000,51500000,50000000,60600000,63400000,66400000,68200000,68100000,69800000,72400000,74300000
Austria,511000,582000,707000,831000,841000,912000,1060000,1140000,1240000,1300000,1280000,1360000,1450000,1500000,1510000,1710000,1640000,1880000,1960000,2280000,2530000,2610000,3020000,3300000,3750000,4270000,4720000,5150000,5870000,6060000,6640000,6550000,7070000,6900000,7620000,8040000,8790000,9140000,9140000,8520000,13500000,14100000,14500000,15000000,15200000,14700000,14700000,16200000
Azerbaijan,,,,,,,,,,,,,,,,,,,,,,,1450000,1380000,1380000,1160000,1230000,982000,669000,572000,546000,544000,575000,684000,1010000,1130000,1250000,1440000,756000,840000,797000,1350000,1560000,1650000,1770000,1800000,1960000,2330000
Bahamas,,,,,,232000,245000,252000,268000,314000,345000,740000,724000,699000,706000,861000,958000,995000,1070000,1150000,1090000,1090000,835000,862000,862000,937000,978000,704000,701000,1720000,1860000,1630000,1540000,1600000,900000,1020000,1030000,1090000,1090000,979000,968000,1060000,1050000,577000,991000,900000,937000,921000
Bahrain,241000,280000,320000,350000,128000,173000,240000,300000,375000,457000,522000,578000,570000,602000,674000,718000,647000,622000,698000,753000,771000,876000,981000,1080000,1150000,1070000,1200000,1160000,1210000,1310000,1380000,1250000,1260000,1850000,2280000,,,,,5220000,6030000,5590000,5860000,4630000,5170000,5310000,5220000,5190000
Bangladesh,,,,490000,431000,491000,453000,470000,544000,624000,614000,591000,622000,623000,742000,845000,852000,861000,1000000,997000,1040000,1020000,1050000,1080000,1220000,1260000,1250000,1310000,1150000,1220000,1330000,1450000,1540000,1590000,1650000,1630000,1730000,1240000,1220000,1410000,1820000,2020000,2200000,2780000,3050000,4000000,3820000,3790000
Barbados,,11500,19700,23700,25600,32600,33700,42300,50200,53900,45500,60800,43800,34500,55000,32400,52400,17000,0,0,0,0,,,,,,,,,,,,,,,,,,,,,,,,,,
Belarus,,,,,,,,,,,,,,,,,,,,,,,,805000,805000,805000,843000,231000,226000,212000,211000,222000,205000,234000,274000,282000,307000,344000,351000,333000,652000,738000,943000,1160000,1320000,1490000,2060000,2490000
Belgium,1370000,1400000,1460000,1560000,1610000,1590000,1680000,1840000,1980000,2040000,1970000,2050000,2000000,1960000,2030000,2190000,2230000,2360000,2600000,2810000,3130000,3020000,3150000,3650000,4190000,5000000,5170000,6870000,8750000,9970000,10700000,8490000,2340000,2900000,3260000,3340000,3640000,4080000,5880000,4860000,7530000,8640000,9510000,9520000,10500000,11500000,12500000,13700000
Belize,,,,,,,,,,,,,,,,,,,,,,,,,,,,,,,,,,,,,,,,,144000,179000,448000,513000,878000,936000,990000,1290000
Benin,29500,31000,25900,28100,31500,35000,40400,45400,52200,57300,61100,74800,78300,79500,80400,86000,108000,104000,104000,74000,76300,66300,66300,68200,69200,74100,75100,85500,90500,83900,77300,46400,,,,,,,,,53000,58300,58300,138000,60300,112000,899,
Bhutan,,,,,,,,,,,,,,,,,,,8000,8000,8000,8000,8700,8700,8700,29700,35000,36100,36100,30700,34400,35100,40900,36400,45500,49100,51100,53600,52800,49100,182000,226000,193000,208000,302000,163000,224000,293000
Bolivia,244000,331000,379000,376000,475000,653000,745000,862000,1020000,1230000,1340000,1220000,1160000,1300000,1360000,1340000,1300000,1230000,1270000,1270000,1240000,1200000,1210000,1120000,1180000,1220000,1780000,2250000,2120000,1870000,1760000,1560000,1510000,1770000,1820000,1890000,1440000,1740000,1720000,1540000,1780000,2130000,2210000,2030000,3560000,4120000,3680000,3300000
Bosnia and Herzegovina,,,,,,,,,,,,,,,,,,,,,,,,,,,,,49900,60100,69100,65000,65600,72900,,,,,56300,80000,56500,40200,24900,15000,36600,7070,,
Botswana,,,,,,,,,,10400,39000,50000,46700,50300,54500,58900,54000,60100,57700,82100,101000,102000,111000,123000,101000,99900,104000,116000,124000,144000,164000,170000,179000,189000,213000,230000,214000,228000,236000,234000,290000,416000,415000,271000,206000,227000,254000,221000
Brazil,3340000,3910000,4670000,5840000,6860000,7770000,8800000,9510000,10600000,11900000,13000000,12600000,13200000,12600000,12900000,13400000,17200000,17100000,17000000,19400000,19100000,19200000,16400000,16500000,17900000,20200000,22000000,24300000,28100000,28200000,31300000,34300000,35900000,32400000,35300000,37700000,40900000,45300000,58800000,67900000,74600000,87900000,94800000,95600000,100000000,102000000,94100000,96400000
Brunei,,,,,,,,,,,,,,,184000,199000,207000,247000,279000,300000,307000,307000,410000,604000,769000,916000,857000,877000,877000,808000,864000,1010000,1040000,956000,1080000,978000,1040000,1020000,1080000,999000,1260000,1310000,1040000,1140000,1060000,1150000,1170000,1170000
Bulgaria,989000,985000,1030000,1090000,1130000,1150000,1370000,1400000,1500000,1760000,1790000,1790000,1680000,1790000,1950000,2090000,1970000,2100000,2160000,2000000,1910000,646000,814000,916000,789000,863000,718000,722000,828000,735000,535000,234000,62800,311000,476000,654000,808000,855000,1070000,798000,802000,933000,973000,1010000,1060000,1060000,1090000,1110000
Burkina Faso,30100,31600,26500,28700,32500,36200,41900,47200,54700,59800,72800,75800,78200,93200,93400,100000,158000,127000,126000,132000,137000,127000,127000,129000,130000,138000,138000,96600,102000,147000,144000,100000,53200,54500,61400,66300,73100,77800,80500,79300,160000,134000,126000,139000,117000,123000,145000,145000
Burundi,,,,,,,4000,4500,5000,5500,11000,5000,5500,6000,8800,8600,5500,21000,11200,7800,8300,8300,8900,8900,8900,9400,9400,12000,12000,,,,,,,,,,,,,,,,,,,
Cambodia,40500,107000,136000,140000,129000,113000,113000,113000,,,,,,,,,,,,,,,,,,,,,,,,,125000,165000,162000,169000,256000,308000,211000,184000,278000,500000,509000,615000,1070000,1100000,1050000,1310000
Cameroon,65800,109000,130000,211000,228000,239000,297000,347000,393000,403000,480000,486000,634000,631000,677000,718000,536000,561000,582000,403000,284000,357000,363000,275000,295000,345000,362000,279000,278000,293000,273000,324000,243000,315000,356000,384000,425000,453000,471000,466000,0,171000,248000,287000,276000,267000,344000,236000
Canada,10200000,10200000,11600000,14600000,16400000,16700000,16800000,17500000,18500000,20800000,22500000,22100000,19700000,18100000,19400000,19700000,20400000,19900000,22400000,21300000,20600000,16600000,16800000,17500000,18100000,20300000,22900000,24000000,24700000,24600000,41800000,40500000,23300000,35900000,40700000,45200000,46700000,52100000,53700000,52600000,63300000,66100000,70500000,71500000,75500000,80200000,85400000,91400000
Cape Verde,,,,,,,53000,55000,60000,65000,75000,103000,104000,122000,127000,128000,150000,174000,176000,177000,177000,96000,100000,100000,118000,124000,129000,237000,236000,252000,264000,243000,237000,253000,560000,690000,754000,793000,808000,776000,571000,620000,598000,600000,590000,549000,566000,358000
Central African Republic,69500,71800,68900,74100,79500,88000,98400,103000,117000,122000,136000,129000,112000,114000,118000,124000,128000,122000,124000,128000,130000,120000,66300,68200,69200,74100,75100,85500,90500,83900,77300,46400,,,,,,,,,,,,,,,,
Chad,55400,55000,50900,55100,59500,65500,72400,79400,90200,96300,106000,80100,82800,84500,87700,93500,105000,86600,86400,91100,93300,83400,83400,85200,86300,92100,93100,93000,98000,83900,77300,46400,,,,,,,,,48500,74700,52000,28100,28300,,,
Chile,575000,691000,730000,636000,505000,510000,490000,589000,553000,559000,669000,886000,822000,652000,731000,825000,875000,992000,1140000,1260000,1360000,1410000,1910000,2360000,2960000,3200000,3620000,4610000,5150000,5190000,5170000,5320000,4990000,5250000,5460000,5940000,6020000,7190000,8020000,8100000,9270000,10900000,12900000,13800000,14300000,15000000,16400000,17600000
China,,,,,710000,1000000,1050000,1110000,1540000,2520000,2570000,3240000,3940000,3840000,5000000,7300000,10000000,12500000,17000000,11100000,16600000,19500000,27300000,31300000,37600000,47600000,51800000,52300000,53200000,55900000,61900000,72700000,83700000,86000000,120000000,137000000,158000000,184000000,191000000,229000000,266000000,292000000,318000000,353000000,391000000,436000000,488000000,551000000
Colombia,3010000,2960000,2960000,3150000,3120000,3380000,3730000,4120000,4750000,5050000,4810000,4570000,6700000,6580000,5740000,5740000,5730000,5600000,5460000,5570000,5270000,5540000,6230000,6930000,7690000,7860000,8340000,9190000,9290000,8620000,8570000,9600000,9420000,9140000,8830000,9980000,10600000,11600000,12300000,12100000,16900000,18800000,22000000,26900000,28700000,30900000,32300000,32500000
Comoros,,,,,,,,,,,,,,,27000,32800,25900,25900,25900,26000,26000,26000,26000,26000,26000,27300,27300,,,,,,,,,,,,,,,,,,,,,
Congo, Dem. Rep.,305000,326000,328000,364000,464000,445000,463000,488000,570000,578000,439000,493000,378000,331000,338000,132000,169000,201000,216000,203000,207000,150000,116000,83700,178000,,,,,,,95200,,,,,,,,,211000,252000,472000,456000,456000,476000,416000,297000
Congo, Rep.,55800,58600,54900,58600,63500,69000,77400,85400,102000,113000,117000,154000,158000,217000,228000,249000,248000,220000,220000,234000,239000,229000,229000,231000,232000,267000,253000,245000,241000,132000,128000,95200,47000,52300,,,,,,,342000,438000,704000,652000,554000,658000,578000,334000
Costa Rica,256000,280000,307000,314000,374000,372000,391000,327000,321000,366000,431000,428000,459000,380000,323000,310000,335000,348000,401000,441000,467000,508000,623000,690000,773000,870000,918000,992000,1170000,1060000,878000,738000,675000,750000,901000,953000,943000,1020000,1020000,933000,1700000,1830000,1770000,1500000,1430000,1530000,1570000,1820000
Cote d'Ivoire,109000,51000,47900,51600,56500,95000,114000,120000,132000,137000,151000,379000,382000,389000,398000,183000,185000,183000,191000,218000,200000,178000,195000,186000,157000,175000,179000,158000,162000,260000,108000,46400,,,,,,,,,516000,89800,39500,235000,237000,643000,667000,788000
Croatia,,,,,,,,,,,,,,,,,,,,,,113000,215000,432000,624000,644,727000,767000,920000,926000,1070000,1250000,1360000,1580000,1740000,2100000,2150000,1550000,1750000,1680000,1580000,1810000,1870000,1720000,1760000,1780000,1880000,2060000
Cuba,874000,979000,988000,806000,689000,711000,717000,635000,726000,819000,676000,651000,135000,839000,839000,894000,913000,889000,964000,990000,1140000,831000,733000,624000,731000,824000,929000,1120000,1140000,1260000,1010000,882000,589000,611000,743000,813000,812000,857000,861000,780000,1580000,1480000,1310000,1400000,1140000,1290000,1330000,943000
Cyprus,107000,150000,201000,233000,126000,136000,225000,266000,315000,388000,441000,455000,454000,485000,563000,613000,621000,684000,697000,748000,814000,820000,947000,1010000,1230000,1220000,1210000,1280000,1350000,1340000,1400000,1500000,1700000,1880000,2010000,1920000,1940000,2070000,2110000,1940000,1580000,1260000,1290000,1210000,688000,23400,225000,673000
Czech Republic,1170000,1090000,1360000,1370000,1510000,1620000,1660000,1540000,1680000,1760000,1460000,955000,853000,908000,911000,980000,991000,1070000,1150000,1170000,1100000,837000,974000,1020000,1070000,1280000,1390000,1450000,1600000,1850000,2230000,2570000,2810000,3390000,4220000,4710000,4920000,4870000,4970000,5050000,5150000,4900000,3590000,5190000,5010000,3380000,4050000,5450000
Denmark,1780000,2060000,2280000,2410000,2400000,2520000,2800000,2950000,3120000,3560000,3330000,3070000,3540000,3950000,3230000,3490000,3830000,4150000,4380000,4720000,4840000,4580000,4830000,5080000,5380000,5690000,5890000,6240000,5950000,5770000,5920000,6380000,6320000,5890000,6430000,,,,,,,,,,,,,
Djibouti,,,,,,,,,28000,29000,62500,88700,93000,110000,115000,119000,117000,124000,125000,130000,131000,131000,,,,,,,,,,,,,,,,,,,,,,,,,,
Dominican Republic,129000,183000,192000,150000,160000,302000,359000,425000,430000,455000,466000,440000,414000,447000,605000,734000,615000,299000,351000,480000,718000,264000,323000,328000,300000,67400,29500,33600,33500,10400,,,,,,,,,,,19200,28200,28400,20000,16100,14500,11900,
Ecuador,420000,458000,438000,380000,362000,448000,463000,529000,593000,633000,701000,692000,676000,618000,634000,664000,697000,692000,684000,742000,763000,752000,1470000,2120000,2120000,1670000,1930000,1790000,1920000,1390000,1320000,1280000,1180000,1520000,1830000,2010000,2110000,2630000,2930000,2900000,4820000,4710000,4760000,5160000,5680000,5680000,5100000,5120000
Egypt,543000,515000,623000,656000,837000,917000,1110000,1280000,1430000,1690000,2030000,2230000,2430000,2620000,2790000,2790000,2350000,2890000,3190000,3420000,3240000,2600000,3610000,2880000,3540000,3900000,4280000,4420000,3890000,4620000,4520000,4390000,4530000,4180000,4620000,4890000,4990000,5830000,6690000,6220000,9520000,7710000,9080000,10600000,10300000,11100000,11800000,12000000
El Salvador,138000,146000,140000,147000,155000,160000,170000,211000,225000,258000,265000,242000,255000,266000,360000,395000,468000,444000,449000,618000,525000,577000,683000,1240000,1620000,1700000,1800000,1700000,1690000,1620000,1960000,1690000,1800000,2180000,2390000,2540000,2580000,2540000,2280000,2000000,1820000,2150000,2520000,2510000,2820000,2600000,2600000,2670000
Equatorial Guinea,,8500,9000,9500,10000,10500,11000,12000,12000,13000,13300,13300,13300,13300,13400,13700,13700,13700,27600,14000,14000,14000,14000,14000,14000,14700,14700,20900,20800,,,,,,,,,,,,26000,130000,317000,402000,303000,401000,458000,496000
Eritrea,,,,,,,,,,,,,,,,,,,,,,,,,,,,,,,,,,,,,,,,,,,,,,53100,66900,103000
Estonia,,,,,,,,,,,,,,,,,,,,,,,146000,128000,157000,169000,149000,231000,297000,302000,278000,278000,304000,395000,510000,578000,598000,651000,686000,396000,582000,615000,915000,628000,603000,512000,372000,13100
Ethiopia,232000,263000,289000,309000,269000,244000,288000,226000,186000,197000,243000,328000,335000,358000,399000,471000,528000,594000,593000,651000,620000,636000,756000,752000,716000,750000,743000,772000,790000,861000,945000,1030000,1100000,1120000,1400000,1670000,1720000,2290000,2720000,2910000,3350000,4440000,5000000,5670000,6270000,7070000,8240000,9570000
Fiji,,,,257000,296000,300000,313000,305000,280000,310000,322000,319000,330000,309000,325000,320000,313000,310000,382000,459000,433000,414000,426000,424000,465000,495000,480000,517000,516000,550000,586000,613000,715000,972000,837000,871000,932000,961000,946000,1150000,1260000,1280000,1230000,1160000,1240000,1340000,1400000,1560000
Finland,1280000,1390000,1540000,1700000,1880000,2050000,2040000,1840000,1990000,2350000,2510000,2750000,2820000,2800000,2990000,3150000,2990000,3630000,4010000,4300000,4450000,4000000,3900000,3950000,4490000,5210000,5600000,6000000,6770000,6240000,6830000,6700000,6420000,6180000,7050000,7080000,7600000,8290000,7920000,7420000,8690000,9510000,10700000,10500000,11000000,13000000,13800000,14800000
France,9110000,9570000,11300000,12000000,12200000,13100000,14300000,15400000,16800000,18000000,19500000,21600000,22400000,23300000,23700000,24500000,25200000,28000000,30700000,34000000,36000000,33100000,34000000,35600000,38200000,36000000,41300000,43400000,42200000,49500000,52600000,50500000,49300000,47300000,48500000,52500000,59500000,61600000,61200000,58300000,60900000,64200000,64700000,63900000,63400000,65000000,65400000,68300000
Gabon,120000,126000,123000,130000,136000,140000,190000,177000,170000,175000,331000,340000,421000,428000,436000,456000,460000,393000,383000,407000,398000,436000,471000,302000,505000,508000,431000,469000,467000,423000,447000,374000,366000,386000,431000,465000,508000,535000,546000,525000,244000,121000,42700,0,,137000,77300,
Gambia,,,,,,,,,,,,,,,,,,,,,,,,,,,,,,,,,,,,,,,,,0,0,11300,147000,152000,3040,44300,53700
Georgia,,,,,,,,,,,,,,,,,,,,,,,,,170000,177000,152000,111000,110000,159000,118000,111000,247000,304000,229000,249000,272000,304000,310000,294000,164000,223000,178000,189000,197000,232000,220000,323000
Germany,6500000,7030000,7920000,7370000,8890000,9370000,10400000,10900000,11700000,12800000,13000000,13000000,12800000,13100000,14100000,14600000,15200000,17000000,17900000,19100000,22100000,24800000,27600000,29400000,32500000,34700000,40100000,45800000,49300000,54700000,58000000,56400000,61900000,72700000,82100000,90800000,99600000,106000000,108000000,103000000,97300000,107000000,106000000,109000000,112000000,117000000,117000000,117000000
Ghana,117000,136000,132000,136000,148000,154000,234000,249000,310000,330000,279000,289000,230000,271000,261000,253000,248000,224000,248000,232000,188000,192000,206000,152000,183000,186000,197000,211000,210000,304000,314000,301000,256000,241000,96400,,,,,,169000,492000,691000,396000,408000,390000,360000,299000
Greece,1610000,2020000,2410000,2800000,2300000,2830000,3540000,3880000,4670000,5020000,4890000,4900000,5630000,5810000,6880000,7460000,6480000,6570000,6660000,6630000,6130000,4940000,5470000,5480000,5810000,6010000,6400000,7060000,6400000,6590000,7940000,8430000,7580000,7520000,9280000,9450000,9480000,10200000,9440000,8800000,10400000,9570000,8790000,8760000,11200000,11200000,12700000,13900000
Guatemala,113000,101000,98000,43000,88800,114000,119000,138000,136000,156000,119000,124000,115000,99500,124000,108000,103000,115000,98900,110000,156000,165000,230000,240000,252000,300000,300000,508000,506000,,,,,,,,,,,,314000,326000,288000,78300,69800,93100,112000,156000
Guinea,48900,49000,51000,54500,56900,65000,65000,66000,71000,72000,80000,128000,131000,129000,132000,136000,25700,30400,26600,39700,41300,42200,23300,24200,45000,35000,36300,36300,36100,58500,,,,,,,,,,,,,,,,,,
Guinea-Bissau,,,,,,,,,20000,20000,22200,22200,20600,21000,21900,22500,19500,20500,20500,20500,20500,20500,20500,20500,20500,20500,20500,20500,20400,,,,,,,,,,,,,,,,,,,
Guyana,17800,18700,19000,20000,22000,24000,26000,27000,27000,27500,27500,81500,93000,93000,100000,104000,123000,129000,135000,143000,146000,112000,115000,115000,115000,121000,126000,126000,126000,70400,73300,47800,,,,,,,,,273000,340000,248000,0,0,,,
Haiti,10400,10600,11000,11500,0,0,0,0,0,0,0,0,0,0,0,0,0,0,0,0,0,0,,,,,,,,,,,,,,,,,,,,,,,,,,
Honduras,296000,270000,241000,280000,316000,299000,289000,324000,360000,414000,508000,411000,377000,436000,440000,451000,320000,426000,482000,574000,610000,447000,438000,602000,,,,,,,,,,,,,,,,,502000,424000,422000,373000,239000,277000,276000,230000
Hungary,282000,268000,266000,330000,457000,414000,427000,555000,659000,830000,874000,1020000,1020000,957000,1040000,1120000,1150000,1230000,1180000,1320000,1360000,911000,1030000,1220000,1330000,1310000,1560000,1630000,1750000,1940000,2200000,2020000,2100000,2260000,2550000,2740000,2590000,3130000,3110000,2950000,12500000,13700000,12300000,13900000,16500000,20000000,21400000,26100000
Iceland,458000,494000,546000,593000,611000,590000,602000,645000,688000,694000,542000,522000,574000,601000,710000,778000,808000,910000,845000,736000,760000,773000,767000,801000,1030000,1100000,1240000,1330000,1590000,1350000,1430000,1360000,1200000,1130000,1330000,1530000,1540000,1720000,1420000,1360000,1850000,2150000,2400000,2600000,3040000,4130000,5710000,7240000
India,2670000,2550000,3290000,3390000,3040000,3840000,4530000,5150000,6100000,6550000,6600000,7570000,8390000,9160000,10100000,11000000,11800000,12700000,12900000,12700000,10900000,10700000,11100000,9440000,11500000,14300000,13400000,16000000,16500000,16000000,17300000,16900000,17600000,19500000,23900000,27900000,40300000,51900000,49900000,54400000,64400000,74000000,72200000,75600000,82700000,98900000,120000000,140000000
Indonesia,826000,995000,1290000,1790000,2220000,2530000,3100000,3780000,4430000,4660000,5060000,6100000,6030000,5570000,6490000,6470000,7120000,7570000,8820000,8980000,9220000,10400000,11200000,12000000,13900000,16000000,17100000,12700000,12600000,8050000,9920000,12500000,12100000,12200000,26800000,26800000,29900000,30400000,29800000,27400000,59400000,70900000,79400000,81700000,85200000,90100000,99300000,110000000
Iran,716000,761000,895000,1140000,1360000,1950000,2500000,3010000,3330000,2170000,2000000,1540000,2130000,3190000,4090000,3420000,4670000,4850000,4490000,4880000,5630000,5540000,4900000,5350000,5800000,6290000,7610000,9800000,9200000,8280000,8720000,16500000,9890000,16300000,11900000,12700000,13600000,13900000,12000000,13100000,18800000,19100000,17700000,16600000,16800000,13900000,17100000,19300000
Iraq,198000,236000,186000,209000,291000,388000,568000,672000,675000,688000,620000,457000,481000,454000,435000,540000,535000,535000,1110000,1160000,702000,27700,53000,,31500,,,,,,,,,,,,,,,,641000,762000,785000,476000,476000,2140000,2020000,2170000
Ireland,1480000,1540000,1410000,1500000,1470000,1480000,1580000,1680000,1780000,2020000,1830000,1980000,1950000,1780000,1840000,1830000,1970000,2280000,3680000,4380000,4810000,4760000,5010000,4650000,4830000,6590000,7680000,8960000,10400000,11900000,14000000,15500000,19700000,28900000,34700000,42900000,50700000,60100000,69400000,77700000,84800000,90000000,92600000,93400000,98400000,116000000,134000000,154000000
Israel,485000,1060000,1140000,1160000,1210000,1050000,1300000,1450000,1520000,1580000,1480000,1590000,1480000,1580000,1670000,1800000,1830000,2010000,1890000,2120000,2000000,2050000,2390000,2570000,2980000,3450000,3690000,3750000,3700000,4030000,4440000,3970000,3710000,3680000,4970000,4390000,4360000,4660000,4560000,4610000,5080000,5150000,5380000,5570000,5890000,6330000,6870000,7070000
Italy,6740000,7640000,7460000,8190000,8630000,8360000,8240000,9420000,9510000,9460000,9960000,10500000,11600000,12000000,12600000,14400000,13800000,15300000,15600000,17400000,19800000,18800000,21800000,21900000,23000000,23700000,25800000,28200000,27500000,28300000,30400000,31000000,28200000,36300000,35900000,36100000,36700000,37800000,30700000,33200000,32600000,33900000,31100000,27800000,27200000,28600000,29100000,27800000
Jamaica,279000,425000,555000,569000,743000,697000,707000,602000,706000,795000,723000,728000,730000,716000,826000,888000,1060000,1260000,1190000,1210000,1000000,894000,983000,1040000,1010000,1130000,1390000,1400000,1450000,1670000,1920000,1950000,2020000,1840000,2010000,1570000,1530000,1620000,1640000,1380000,0,0,0,46300,76200,92800,137000,151000
Japan,16300000,17900000,20200000,25400000,27500000,27300000,29600000,36200000,40600000,45400000,45100000,48100000,46400000,46600000,50500000,51300000,52500000,57800000,62100000,69300000,76200000,78700000,81400000,80100000,83900000,91800000,95900000,95000000,102000000,106000000,109000000,108000000,109000000,104000000,102000000,102000000,103000000,99800000,97000000,86900000,110000000,89800000,98900000,108000000,111000000,114000000,118000000,124000000
Jordan,119000,120000,120000,162000,243000,380000,476000,557000,728000,914000,1110000,1440000,1670000,1460000,1330000,1310000,1130000,1180000,1230000,1200000,964000,797000,1110000,1190000,1220000,1270000,1300000,1350000,1190000,1250000,1280000,1180000,1300000,1350000,1660000,1740000,2050000,2250000,2360000,2320000,3080000,3270000,3440000,3290000,3210000,3070000,3180000,3380000
Kazakhstan,,,,,,,,,,,,,,,,,,,,,,,5270000,706000,702000,1120000,568000,568000,566000,467000,461000,501000,757000,1010000,835000,1160000,1280000,1300000,1280000,1190000,3100000,3790000,4060000,4790000,4920000,5080000,5010000,5650000
Kenya,172000,188000,217000,341000,383000,362000,450000,237000,363000,377000,393000,409000,391000,436000,479000,559000,611000,656000,721000,761000,794000,760000,721000,770000,754000,740000,779000,836000,1140000,1360000,1550000,1420000,1600000,1680000,2010000,2420000,2690000,2860000,2880000,2950000,4040000,4510000,4650000,4520000,4450000,4570000,4850000,4890000
Kiribati,,,,,,,,,,,,59000,60000,60000,65500,26400,32000,24900,24000,24900,24900,24900,25400,25600,25600,26900,28400,28400,28300,,,,,,,,,,,,,,,,,,,66600
Kuwait,315000,342000,391000,454000,518000,625000,737000,812000,850000,965000,1080000,1250000,1460000,1530000,1500000,1450000,1470000,1510000,1560000,1640000,966000,840000,1410000,1550000,1760000,1950000,2130000,2110000,2240000,2130000,2110000,2080000,2300000,2190000,2500000,2430000,2630000,2660000,2520000,2600000,4560000,3720000,3480000,3240000,3530000,3750000,4070000,5590000
Kyrgyz Republic,,,,,,,,,,,,,,,,,,,,,,,,464000,464000,439000,488000,423000,620000,312000,241000,192000,174000,206000,246000,226000,219000,275000,205000,309000,376000,526000,495000,771000,712000,968000,1020000,1130000
Lao,55900,42000,43000,44500,45000,45000,45000,30000,12000,13000,13000,14500,14700,14000,15700,15800,24500,45000,47500,49600,115000,115000,119000,119000,119000,125000,125000,125000,124000,197000,211000,211000,220000,219000,272000,293000,327000,328000,323000,303000,444000,533000,878000,1480000,1310000,1180000,1220000,1200000
Latvia,,,,,,,,,,,,,,,,,,,,,,,65700,111000,167000,173000,276000,229000,229000,196000,278000,255000,265000,340000,594000,1030000,1410000,1340000,1370000,1300000,3160000,3300000,2890000,2750000,2640000,2530000,2840000,3440000
Lebanon,549000,648000,744000,819000,1040000,900000,1050000,929000,863000,904000,930000,844000,571000,696000,411000,501000,499000,353000,493000,183000,572000,536000,600000,677000,706000,770000,775000,857000,716000,719000,806000,816000,874000,935000,1090000,1080000,969000,1070000,1070000,1310000,1890000,2030000,2150000,2240000,2420000,2590000,2650000,2870000
Lesotho,,,,,10000,10000,11000,11000,40000,52000,36300,36600,54800,61000,48700,50700,55300,60900,63000,53300,56000,56000,26100,20500,26600,24800,17100,10500,28200,1300,,,,,,,,,,,,,,,,,,
Liberia,,,,,25000,25500,26000,27000,29000,9400,10600,30400,40900,44000,50000,42000,42000,44000,45700,46300,33700,32000,32000,,,,,,,,,,,,,,,,,,,,,,,,,
Libya,190000,259000,327000,352000,408000,558000,670000,802000,891000,914000,1170000,1490000,1560000,1860000,1580000,1580000,1380000,1520000,1580000,1620000,1800000,1880000,1350000,853000,641000,623000,639000,571000,571000,586000,601000,583000,559000,627000,850000,0,1150000,1200000,1210000,1150000,2930000,2280000,1400000,2740000,2390000,1430000,1280000,1190000
Lithuania,,,,,,,,,,,,,,,,,,,,,,,557000,150000,195000,210000,214000,237000,259000,250000,284000,304000,304000,329000,448000,505000,430000,424000,610000,617000,81500,69400,593000,1010000,1270000,1360000,1050000,1070000
Luxembourg,167000,250000,211000,218000,221000,230000,250000,260000,290000,300000,162000,163000,204000,224000,243000,239000,248000,273000,294000,296000,409000,406000,461000,471000,533000,570000,639000,560000,701000,843000,871000,886000,823000,854000,856000,851000,928000,1040000,1060000,681000,787000,785000,781000,1560000,1710000,1830000,1850000,1900000
Madagascar,168000,198000,201000,218000,231000,203000,262000,292000,336000,408000,448000,445000,410000,347000,360000,351000,356000,411000,387000,342000,424000,314000,344000,419000,451000,497000,542000,575000,601000,640000,629000,658000,266000,452000,514000,575000,573000,616000,559000,500000,524000,544000,588000,539000,520000,459000,442000,486000
Malawi,51700,66100,74700,90400,98300,122000,93700,100000,106000,112000,94000,108000,130000,96900,127000,140000,140000,114000,116000,121000,120000,120000,121000,132000,142000,149000,153000,158000,158000,112000,116000,113000,105000,109000,122000,132000,146000,155000,160000,157000,91500,82700,53500,5860,5860,6010,6740,10500
Malaysia,749000,875000,1020000,1860000,2330000,2500000,2670000,2860000,3100000,3490000,4520000,5350000,5240000,5360000,5690000,5690000,6310000,7400000,7680000,8690000,10200000,11800000,12800000,13100000,14200000,15400000,15100000,15600000,13700000,15000000,16600000,16100000,16300000,16700000,19200000,20400000,17800000,21300000,22400000,23800000,34200000,38200000,39200000,48000000,49700000,50300000,53800000,58200000
Maldives,,,,,,7000,10000,13000,20000,25000,27000,33800,34000,38000,40000,60000,65000,8400,8400,8400,9400,9400,9400,9400,38500,159000,207000,189000,247000,261000,315000,56200,57900,60200,75900,81900,93400,92500,91100,85400,,,,,1020000,1310000,1410000,1490000
Mali,39200,39000,44000,46900,49800,50500,59400,61400,57000,66000,71000,71000,79000,77000,70000,61000,69000,4000,,,,,66300,68200,69200,74100,75100,85500,90500,83900,77300,46400,,,,,,,,,304000,364000,182000,33400,0,,,
Malta,128000,111000,102000,141000,153000,205000,221000,255000,352000,382000,402000,398000,402000,366000,364000,384000,411000,429000,481000,507000,598000,649000,693000,797000,1000000,1070000,1040000,1050000,1160000,1420000,1360000,1340000,1400000,1310000,1370000,1370000,1500000,1670000,1710000,1990000,1700000,1670000,1540000,1600000,1590000,1580000,1500000,1580000
Marshall Islands,,,,,,,,,,,,,,,,,,32000,33800,36300,66400,66300,96000,43500,41900,45800,41300,33100,32000,33100,16100,18800,24600,27500,29000,25800,30200,30000,29500,27700,,,,,,,,47500
Mauritania,84500,68400,65900,72700,78300,84500,94400,105000,117000,124000,141000,144000,147000,149000,202000,214000,233000,216000,216000,220000,223000,213000,213000,215000,216000,228000,235000,245000,250000,187000,185000,156000,106000,116000,128000,139000,149000,155000,154000,142000,525000,381000,325000,262000,271000,248000,280000,419000
Mauritius,23000,24200,25200,24000,28000,30000,33000,30100,55000,82300,83700,102000,106000,123000,155000,183000,200000,285000,384000,424000,520000,525000,578000,582000,636000,676000,717000,804000,848000,823000,949000,1000000,1030000,1040000,1090000,1150000,1060000,1280000,1260000,1090000,1270000,1320000,1310000,1320000,1350000,1470000,1590000,1670000
Mexico,2970000,3110000,3960000,4590000,5500000,6520000,7680000,8240000,9390000,11400000,12900000,13900000,12800000,13900000,14400000,15400000,13800000,13500000,11400000,12700000,14300000,14900000,15500000,16500000,18800000,15000000,14700000,17300000,17700000,20600000,20900000,20200000,19600000,20700000,21200000,21900000,21200000,21000000,18800000,15700000,31300000,29500000,32900000,36000000,39600000,47000000,53300000,58500000
Moldova,,,,,,,,,,,,,,,,,,,,,,,571000,312000,312000,170000,190000,46400,118000,43000,118000,120000,129000,179000,201000,232000,274000,314000,401000,402000,479000,541000,544000,558000,692000,1010000,936000,1090000
Monaco,,,,,,,,,,,44000,44000,44000,44000,73200,73800,37500,40000,40000,42500,42500,42500,44000,44000,44000,44000,44000,44000,43800,75200,82800,77800,104000,94600,83900,87500,95700,102000,84700,63900,59700,63200,65400,64500,64200,60400,12100,316
Mongolia,,,,,,,,,,,,,,,,,,,,,,616000,591000,630000,630000,662000,662000,240000,240000,225000,254000,255000,270000,295000,310000,295000,348000,381000,364000,257000,391000,497000,626000,586000,683000,529000,538000,603000
Montenegro,,,,,,,,,,,,,,,,,,,,,,,,,,,,,,,,122000,,287000,337000,383000,,,,,659000,523000,545000,529000,503000,527000,545000,508000
Morocco,290000,362000,410000,487000,510000,673000,809000,1050000,1130000,1150000,947000,930000,974000,932000,1000000,1110000,1100000,1190000,1270000,1360000,1580000,1430000,2170000,2140000,2180000,2150000,2300000,2640000,3010000,3390000,3670000,3680000,3050000,2640000,3000000,3490000,4110000,4620000,4930000,4930000,7140000,7500000,6560000,6510000,6980000,7040000,7740000,8440000
Mozambique,,,,,,120000,249000,225000,266000,273000,282000,292000,391000,405000,325000,208000,226000,211000,235000,243000,280000,283000,225000,206000,221000,168000,163000,188000,201000,235000,260000,264000,282000,281000,294000,347000,350000,443000,461000,490000,558000,577000,560000,701000,740000,676000,633000,570000
Myanmar,346000,381000,393000,405000,388000,391000,396000,410000,425000,460000,481000,500000,515000,517000,487000,509000,511000,512000,516000,308000,319000,319000,319000,319000,319000,335000,335000,335000,333000,537000,438000,398000,1190000,1120000,1390000,1500000,1620000,1660000,1640000,1530000,924000,1540000,1660000,1570000,1930000,2100000,2740000,2850000
Namibia,,,,,,,,,,,,,,,,,,,,,,455000,163000,179000,199000,225000,237000,215000,214000,214000,247000,215000,222000,266000,283000,399000,401000,431000,452000,455000,486000,541000,632000,510000,522000,553000,559000,623000
Nauru,,,,,,,,,,,,,,,,,,,,,,,,,,,,,,,,,,,,,,,,210000,30200,34900,19300,16500,34600,38900,47300,45500
Nepal,203000,218000,232000,250000,263000,220000,248000,255000,270000,417000,380000,365000,400000,364000,396000,422000,436000,409000,988000,679000,679000,634000,649000,633000,683000,717000,755000,755000,754000,583000,643000,641000,353000,356000,445000,480000,510000,528000,520000,484000,918000,901000,777000,643000,518000,510000,634000,780000
Netherlands,2880000,3010000,3280000,3680000,3630000,3830000,4080000,4450000,4720000,4920000,4980000,5060000,5200000,5280000,5650000,6030000,6380000,7400000,7860000,8250000,8560000,8890000,10100000,11800000,12900000,16400000,17100000,17900000,18700000,19700000,20900000,20100000,22900000,23500000,25600000,26100000,27500000,28900000,29600000,29100000,27000000,30000000,31700000,33500000,34000000,35700000,40100000,42800000
New Zealand,1860000,1920000,2080000,2540000,2960000,3050000,3020000,3200000,3400000,3810000,3500000,3320000,3070000,3220000,3760000,4160000,4530000,4810000,5090000,5720000,5870000,5370000,5780000,6290000,7720000,7680000,9600000,9440000,8650000,9570000,10800000,11500000,11300000,12300000,11300000,12000000,12400000,12500000,13000000,12100000,13300000,13700000,13900000,14400000,13600000,14400000,15300000,16300000
Nicaragua,107000,138000,144000,77500,81000,85000,89000,110000,110000,145000,115000,97000,100000,95000,85000,90000,80900,85000,86500,110000,130000,130000,159000,34000,43800,48200,51300,51300,51100,58700,61000,,,,,,,,,,,,,,,,,
Niger,54700,56700,52900,57600,63500,69000,75400,83400,94200,99300,111000,114000,116000,118000,118000,73500,120000,112000,111000,74000,76300,66300,66300,68200,69200,74100,75100,85500,90500,83900,77300,46400,,,,,,,,,0,0,120000,87900,13200,15200,15000,14700
Nigeria,173000,227000,287000,314000,430000,590000,801000,1090000,1440000,1580000,1940000,2300000,2140000,2220000,1950000,2580000,2130000,1610000,995000,849000,965000,930000,647000,608000,665000,548000,221000,318000,313000,420000,507000,519000,520000,520000,540000,748000,1310000,1360000,1460000,1370000,4200000,4790000,4720000,4210000,4460000,4610000,4110000,3450000
North Korea,165000,166000,,,,,,165000,166000,184000,192000,184000,185000,196000,198000,202000,200000,205000,218000,220000,223000,223000,235000,242000,242000,254000,254000,280000,64000,76700,83000,78800,84300,75000,93800,101000,105000,111000,109000,101000,73100,78600,100000,371000,90300,87100,94900,104000
Norway,2410000,2790000,3100000,3340000,3370000,3530000,3850000,4190000,4490000,4870000,4800000,4980000,5210000,5610000,6110000,6800000,7490000,8150000,8260000,8300000,8930000,8860000,9660000,10400000,11100000,11700000,12700000,13800000,14300000,15000000,15200000,14600000,13700000,12800000,12300000,,,,,,,,,,,,,
Oman,,,,,128000,173000,240000,300000,375000,457000,522000,578000,570000,602000,674000,718000,647000,699000,776000,835000,853000,958000,1080000,1180000,1510000,1450000,1620000,1680000,1850000,1930000,2120000,1980000,2100000,2780000,3270000,,,,,2360000,3260000,3800000,4430000,4990000,5050000,6370000,7710000,9070000
Pakistan,1340000,1090000,625000,805000,1050000,1450000,1950000,2300000,2660000,2770000,3030000,3100000,3330000,3470000,3640000,3840000,4130000,4430000,4890000,5010000,5180000,5200000,5680000,5650000,5660000,5340000,5380000,5880000,5410000,5850000,5290000,6010000,4140000,4520000,5100000,5360000,5710000,5440000,5610000,5300000,6590000,7940000,7970000,7830000,7670000,8470000,9630000,9920000
Panama,307000,337000,316000,218000,276000,357000,374000,347000,366000,381000,355000,309000,332000,323000,372000,390000,364000,371000,382000,373000,266000,343000,283000,321000,520000,661000,689000,772000,860000,933000,1120000,1110000,1050000,1420000,1500000,1800000,2030000,2470000,2760000,6350000,5520000,6380000,7520000,11700000,11800000,12200000,13300000,13700000
Papua New Guinea,,,,,,355000,405000,440000,532000,572000,559000,554000,560000,534000,711000,701000,807000,798000,887000,963000,931000,911000,954000,866000,1110000,970000,970000,1110000,1110000,1060000,1100000,1190000,1230000,691000,763000,819000,919000,919000,905000,847000,1410000,1560000,1630000,1870000,2070000,1680000,1710000,1860000
Paraguay,80600,84300,53700,59600,61000,64500,66500,105000,112000,119000,129000,127000,167000,164000,179000,212000,184000,205000,249000,272000,273000,309000,314000,338000,324000,105000,261000,196000,222000,232000,266000,281000,267000,299000,373000,446000,433000,459000,466000,428000,715000,845000,794000,712000,609000,452000,468000,457000
Peru,391000,264000,525000,590000,1120000,1340000,1440000,1430000,1450000,1690000,1980000,1780000,1740000,1700000,1620000,1560000,2150000,3010000,2740000,1850000,1820000,1490000,1220000,1360000,1890000,2510000,2330000,2720000,2770000,1900000,1600000,2250000,2090000,2230000,3230000,4330000,4220000,5270000,6180000,5840000,7110000,8610000,10100000,12300000,12300000,13900000,15100000,15700000
Philippines,2370000,2070000,2120000,2350000,2530000,2760000,2820000,3020000,3410000,3470000,3250000,3540000,3870000,4320000,4390000,4610000,4880000,5250000,5720000,5720000,5640000,5440000,6140000,6530000,6850000,7180000,7260000,7470000,6730000,5020000,5760000,6420000,6450000,6460000,7390000,8060000,8300000,8820000,9510000,10500000,22600000,26300000,28500000,25500000,34900000,37000000,40200000,44100000
Poland,904000,1030000,1270000,1490000,1090000,1450000,1470000,1640000,1700000,1850000,1710000,1590000,756000,1290000,1600000,1590000,1570000,1570000,1600000,1910000,1500000,1050000,1100000,1270000,1450000,1660000,1810000,2000000,2210000,2140000,2340000,2670000,2850000,3250000,3490000,3550000,3630000,4270000,4630000,4280000,4100000,4450000,4910000,5000000,5040000,4450000,5500000,7380000
Portugal,1420000,1660000,1950000,2250000,2250000,1680000,1650000,1830000,2010000,2260000,1980000,2170000,2270000,2220000,2310000,2320000,2420000,2790000,3030000,3190000,3500000,3570000,4110000,4380000,4360000,4590000,4810000,6280000,7020000,7340000,6720000,6650000,6800000,7590000,9050000,10100000,9440000,10300000,11200000,9900000,10400000,11000000,11300000,11900000,12600000,12700000,13100000,15900000
Qatar,,,,,128000,173000,240000,300000,375000,457000,522000,578000,570000,602000,674000,718000,647000,622000,698000,753000,771000,876000,981000,1080000,1150000,1070000,1200000,1160000,1210000,2330000,2670000,2780000,3570000,3180000,4450000,6040000,7070000,8880000,9700000,10200000,12400000,14600000,17200000,18700000,21400000,25300000,31200000,29900000
Romania,453000,429000,489000,612000,674000,613000,913000,1080000,1080000,1120000,1110000,1080000,919000,999000,1160000,1220000,1240000,1280000,1320000,1270000,1320000,1150000,919000,979000,1240000,1240000,913000,995000,908000,980000,1220000,1140000,959000,1260000,1340000,1710000,2050000,3000000,3250000,3270000,3730000,3660000,3590000,3090000,3070000,3630000,3690000,4430000
Russia,,,,,,,,,,,,,,,,,,,,,,129000000,62200000,36100000,28900000,26500000,22100000,20400000,15200000,18600000,17700000,20300000,20900000,22700000,25900000,26500000,28800000,33200000,37900000,34400000,43900000,50600000,58700000,64100000,72200000,76800000,77500000,89400000
Rwanda,,,,,,,,,,,,9700,25900,4400,4600,4800,4300,8900,11900,10100,8400,10100,9100,9100,9100,,,,,,,,,,,,,,,,188000,268000,593000,611000,627000,545000,645000,740000
Samoa,,,,,,,,,,,,,,,,,,,,,,,,,,,270000,74900,149000,156000,164000,173000,182000,198000,247000,267000,288000,295000,291000,271000,,,,,76900,99000,116000,135000
Sao Tome and Principe,,,,,,,,,,,,,,,,9500,9000,22000,22000,22300,22300,22300,22300,22300,22300,22300,23000,24600,24500,33500,35100,35100,34500,35700,40100,43300,47600,50400,51900,50700,,,,,,,,
Saudi Arabia,558000,514000,762000,968000,1280000,1840000,3270000,4710000,6270000,7690000,9240000,9150000,10200000,10700000,11400000,10800000,9930000,10300000,9880000,9990000,10300000,9410000,11200000,11900000,12100000,11500000,11700000,11700000,11800000,12300000,12600000,12800000,13600000,13800000,14900000,15900000,16800000,17100000,16700000,17500000,20300000,23100000,26500000,28300000,32300000,33400000,35100000,37500000
Senegal,85100,89400,88900,94600,103000,110000,120000,128000,137000,142000,113000,116000,118000,125000,126000,132000,144000,136000,135000,140000,148000,138000,138000,140000,141000,150000,155000,166000,121000,103000,97500,176000,231000,130000,416000,450000,501000,539000,567000,573000,0,391000,544000,220000,132000,115000,9870,21000
Serbia,,,,,,,,,,,,,,,,,,,,,,,,,,,,,,,,995000,1190000,1010000,1080000,919000,1040000,1120000,1140000,927000,985000,1150000,1240000,1240000,2190000,2430000,2490000,2440000
Seychelles,,,,,,,12000,12000,12000,12000,15000,15000,65100,65100,113000,185000,195000,223000,228000,179000,242000,243000,240000,289000,297000,314000,373000,384000,369000,347000,394000,420000,518000,413000,462000,499000,545000,575000,586000,565000,413000,394000,236000,344000,407000,497000,568000,634000
Sierra Leone,,,,,,23000,26000,27300,28500,28500,30000,30200,34000,26400,56000,58000,59000,28900,43600,29600,30000,,16500,17500,14500,14500,15200,0,0,,19000,13900,13900,13600,15500,16700,18800,20300,21400,21800,0,48800,50200,,,,,
Singapore,749000,875000,976000,1250000,1510000,1810000,2130000,2500000,2890000,3380000,3830000,4410000,4590000,4530000,4790000,4910000,4990000,5250000,6050000,6660000,7050000,7750000,8480000,9270000,9930000,10800000,11800000,13000000,13300000,15300000,16700000,16400000,17300000,14200000,17000000,17700000,19600000,20700000,21100000,18400000,24900000,26500000,29100000,31700000,33600000,33600000,35400000,37700000
Slovak Republic,,,,,,,,,,,,,,,,,,,,,,,,18300,22500,41100,62600,80700,107000,111000,57100,43100,82800,190000,636000,712000,780000,2680000,2690000,3440000,74900,34900,45100,64000,29000,11100,12900,7930
Slovenia,,,,,,,,,,,,,,,,,,,,,,,188000,291000,340000,371000,393000,404000,460000,556000,628000,690000,721000,758000,765000,758000,861000,945000,1100000,953000,980000,973000,817000,857000,917000,1050000,1010000,1090000
Solomon Islands,,,,,,,,,,,42400,46200,51100,54600,63700,66000,64900,67500,68500,69300,69400,69400,69400,74600,78500,89500,94300,94300,94000,97700,75300,81400,84500,68100,84700,91500,101000,102000,101000,94000,143000,140000,138000,302000,330000,374000,373000,428000
Somalia,25700,29800,31400,33000,35000,35000,38000,34000,36000,36500,90000,116000,99300,117000,130000,99800,122000,128000,105000,89200,87600,46100,,,,,,,,,,,,,,,,,,,164000,177000,179000,258000,252000,,4490,4490
South Africa,1520000,1660000,1870000,2310000,2760000,2940000,3000000,3080000,3210000,3780000,4120000,4160000,4090000,3950000,4460000,4340000,3830000,4390000,5130000,5640000,5360000,4820000,4690000,5580000,5800000,6400000,7180000,7270000,6480000,7400000,8000000,7950000,8050000,9160000,9880000,11800000,12900000,12900000,13100000,12500000,15800000,16400000,17600000,16300000,17000000,18900000,19700000,20800000
South Korea,1210000,1460000,1640000,2210000,1920000,2050000,2080000,2470000,3100000,3730000,3570000,4190000,4200000,4860000,5350000,6200000,7210000,8330000,9830000,13200000,15700000,16900000,19800000,21400000,24900000,29300000,33000000,35500000,27100000,30900000,34300000,33700000,34800000,33400000,34500000,33900000,34800000,36700000,36100000,34200000,37000000,39900000,40000000,54500000,58300000,66100000,76900000,84000000
Spain,6350000,7510000,8650000,9960000,10200000,11000000,11800000,13300000,15400000,15700000,15100000,14600000,14600000,14500000,14300000,14900000,15400000,16600000,19000000,20300000,21700000,20900000,23400000,22300000,22400000,25800000,27800000,30300000,31600000,33600000,39700000,41500000,40400000,42500000,45500000,49900000,53100000,60700000,55200000,49300000,52800000,52700000,48100000,48100000,53100000,60600000,66700000,71900000
Sri Lanka,105000,116000,116000,109000,108000,117000,128000,181000,100000,105000,235000,405000,573000,617000,681000,699000,611000,587000,694000,745000,892000,893000,1050000,994000,1070000,1160000,1170000,1230000,1210000,1420000,1760000,1720000,1740000,1960000,2410000,2820000,3100000,3210000,2950000,2420000,3010000,3670000,4620000,4790000,4760000,4910000,5280000,5340000
Sudan,125000,140000,133000,222000,245000,250000,328000,379000,176000,424000,519000,465000,478000,473000,485000,428000,347000,417000,534000,363000,454000,363000,480000,408000,432000,497000,491000,333000,499000,390000,414000,415000,409000,420000,473000,511000,563000,598000,618000,607000,580000,947000,777000,542000,502000,496000,293000,329000
Suriname,,,,,,,50000,53000,120000,146000,144000,144000,107000,106000,117000,108000,89200,110000,135000,133000,133000,150000,123000,96000,149000,162000,195000,279000,278000,308000,233000,203000,191000,258000,289000,315000,307000,325000,330000,303000,215000,204000,241000,255000,269000,260000,280000,285000
Sweden,2550000,2910000,3010000,3230000,3350000,3460000,3910000,3850000,4360000,5190000,5210000,5630000,6090000,6590000,7340000,7610000,8710000,9430000,10200000,10900000,11400000,9830000,9920000,9720000,10800000,9500000,9880000,11300000,11900000,12900000,13400000,13100000,12400000,11600000,11600000,,,,,,,,,,,,,
Switzerland,3400000,3930000,4050000,4510000,4580000,4690000,5080000,5440000,5690000,5890000,5930000,6220000,6250000,6270000,6250000,6510000,6710000,7210000,7480000,8230000,8600000,7970000,8260000,9150000,9340000,9860000,10500000,12500000,14300000,16200000,17300000,16900000,13300000,10100000,9290000,9660000,10600000,12300000,14400000,14700000,22100000,24900000,26400000,27500000,27900000,27000000,25900000,26700000
Syria,139000,145000,236000,185000,284000,371000,448000,411000,495000,433000,465000,516000,466000,487000,464000,476000,459000,391000,342000,456000,613000,661000,552000,485000,472000,563000,599000,694000,685000,668000,750000,761000,927000,908000,1170000,1240000,1250000,1370000,1360000,1340000,1160000,1430000,908000,476000,476000,17900,18100,17600
Tajikistan,,,,,,,,,,,,,,,,,,,,,,,,783000,783000,822000,594000,594000,592000,156000,168000,,497000,443000,598000,479000,394000,501000,683000,765000,617000,847000,650000,683000,1060000,1030000,1040000,796000
Tanzania,171000,188000,197000,257000,283000,272000,310000,85700,192000,292000,388000,325000,402000,407000,499000,451000,441000,456000,410000,267000,292000,290000,216000,189000,199000,236000,224000,218000,220000,190000,193000,175000,134000,150000,243000,257000,190000,251000,203000,684000,750000,915000,1030000,1170000,1120000,1310000,1180000,1120000
Thailand,764000,713000,786000,1020000,1260000,1620000,1630000,1330000,1770000,2090000,2460000,2830000,3150000,3360000,3670000,4070000,4370000,5180000,6240000,7360000,8200000,7710000,8550000,10200000,11400000,12800000,14100000,14200000,15000000,16000000,17400000,17700000,18100000,16600000,20300000,18900000,20100000,21200000,20000000,19600000,28800000,31900000,36400000,43000000,46500000,56400000,62300000,71200000
Togo,29900,31400,27700,30000,33800,37900,43600,48900,55700,60800,64600,67600,69800,71000,71700,77500,78400,70100,69700,74000,76300,66300,66300,68200,69200,74100,75100,85500,90500,83900,77300,46400,,,,,,,,,663000,832000,746000,841000,426000,421000,475000,501000
Tonga,,,,,,,,,,,,,,,7800,8000,30200,37300,33200,33900,34600,34600,35300,35300,53300,53300,56000,49000,48800,50300,51600,56800,58500,60800,75400,,,,,,,,,,,,,
Trinidad and Tobago,361000,362000,320000,325000,336000,595000,684000,591000,428000,659000,877000,1300000,1380000,1340000,1400000,1300000,1340000,1310000,1300000,1310000,1290000,1350000,1350000,1390000,1640000,1730000,897000,808000,804000,1110000,1250000,1390000,1270000,1080000,1130000,1060000,1020000,1090000,1100000,1010000,1840000,2630000,2630000,2870000,2730000,2620000,2600000,2580000
Tunisia,245000,309000,375000,486000,630000,782000,809000,856000,963000,1090000,978000,1140000,1210000,1260000,1250000,1280000,1050000,1200000,1210000,1320000,1310000,1200000,1250000,1350000,1390000,1420000,1370000,1780000,1860000,1920000,1910000,1930000,1790000,1720000,1940000,2000000,2050000,2050000,2270000,2280000,2740000,3150000,3580000,4650000,4630000,3500000,3610000,4190000
Turkey,1040000,1480000,1770000,2220000,1800000,1780000,2430000,2750000,2220000,2460000,1250000,2070000,2090000,2230000,2580000,2510000,2720000,3260000,3500000,3790000,4340000,3160000,4960000,6080000,6870000,7750000,8460000,9380000,9950000,10100000,12200000,10600000,10700000,10700000,14300000,16900000,19400000,22900000,25500000,31300000,45700000,53500000,63400000,74400000,84600000,96600000,100000000,108000000
Turkmenistan,,,,,,,,,,,,,,,,,,,,,,,,748000,748000,748000,523000,523000,521000,1050000,1280000,1410000,1410000,1410000,1610000,1650000,1840000,1850000,1820000,1710000,301000,160000,148000,1800000,580000,897000,1320000,1280000
Uganda,172000,188000,166000,52400,62700,57600,73800,,,,82600,62600,62200,75100,49500,35300,50000,46000,61000,116000,116000,26300,31600,77700,62500,94600,100000,100000,99800,179000,39400,40600,40600,39700,45700,49400,55300,59700,63200,64200,155000,142000,182000,199000,164000,41800,52200,54900
Ukraine,,,,,,,,,,,,,,,,,,,,,,,4910000,1280000,605000,1010000,1150000,1190000,1070000,910000,951000,986000,1120000,1650000,2200000,2510000,2800000,1740000,3460000,3430000,3960000,5480000,5830000,5220000,4500000,4620000,5760000,6820000
United Arab Emirates,,,,,128000,173000,240000,300000,375000,457000,522000,578000,570000,602000,674000,718000,935000,1090000,1330000,1480000,1690000,2040000,2510000,2940000,3370000,3550000,4060000,4720000,5260000,5840000,6890000,7680000,9670000,11600000,14300000,,,,,31800000,44900000,50300000,59900000,68200000,75600000,84300000,91800000,95300000
United Kingdom,15600000,15800000,17300000,19000000,18100000,18100000,19500000,19500000,23200000,25300000,25600000,24600000,23900000,23400000,25800000,28200000,29400000,33700000,37600000,46400000,47100000,42900000,47800000,50200000,55500000,59700000,64200000,62800000,61900000,65700000,70400000,70300000,72400000,76400000,86100000,93600000,97500000,102000000,105000000,102000000,102000000,112000000,115000000,119000000,125000000,132000000,144000000,152000000
United States,163000000,174000000,191000000,202000000,208000000,205000000,223000000,240000000,273000000,314000000,295000000,281000000,291000000,316000000,340000000,372000000,415000000,442000000,454000000,453000000,465000000,452000000,467000000,470000000,515000000,534000000,571000000,591000000,588000000,634000000,665000000,622000000,598000000,589000000,678000000,721000000,726000000,744000000,702000000,679000000,720000000,731000000,737000000,743000000,763000000,798000000,824000000,849000000
Uruguay,219000,221000,136000,138000,346000,334000,327000,293000,260000,456000,478000,413000,357000,310000,338000,329000,341000,351000,386000,313000,318000,318000,430000,503000,499000,477000,504000,544000,557000,593000,642000,559000,525000,464000,564000,586000,569000,603000,613000,564000,,,,,,,,
Uzbekistan,,,,,,,,,,,,,,,,,,,,,,,4030000,2220000,2220000,2220000,1570000,1570000,1560000,1660000,1740000,2260000,1450000,1470000,1590000,1640000,1670000,1940000,2030000,1850000,2110000,2280000,2590000,2610000,2550000,2490000,2380000,2580000
Vanuatu,,,,,,,,,,,,,16800,24600,16700,14400,15300,16600,18500,18500,18500,53000,59200,66700,70400,65600,72800,75000,88700,86000,102000,97500,104000,83200,104000,112000,117000,123000,121000,112000,248000,240000,319000,327000,320000,272000,299000,339000
Venezuela,1250000,1300000,1510000,1770000,1980000,2360000,2710000,3500000,4040000,4770000,5130000,5150000,5670000,5000000,4570000,4970000,5790000,6450000,8380000,10100000,6850000,6800000,7150000,6810000,5270000,4450000,4490000,4020000,3740000,4690000,4300000,9450000,6370000,3890000,4940000,5040000,5230000,5500000,5770000,5120000,6430000,7730000,7740000,6870000,7890000,7090000,6030000,4160000
Vietnam,1530000,1050000,854000,665000,553000,165000,,,,,6000,27000,27000,11500,74000,84000,88000,87000,87800,88200,89000,198000,204000,1200000,1670000,2290000,2110000,2530000,2300000,2600000,2880000,3430000,4040000,3970000,5050000,5450000,5280000,7190000,9990000,11100000,14400000,16500000,17000000,20400000,23800000,29900000,37300000,42600000
Yemen,25900,54500,57000,61500,66500,70000,263000,275000,295000,295000,310000,310000,352000,466000,456000,426000,590000,576000,636000,668000,671000,541000,800000,848000,791000,375000,588000,707000,765000,731000,842000,841000,869000,844000,1020000,1080000,1160000,1070000,1060000,1050000,1540000,1490000,1300000,1660000,1670000,444000,243000,133000
Zambia,188000,214000,230000,231000,241000,233000,257000,299000,317000,296000,257000,278000,253000,237000,246000,254000,238000,258000,304000,365000,407000,293000,246000,219000,235000,,,49600,48800,77700,89600,48500,47100,51000,49900,53900,58700,61600,62500,,261000,306000,127000,10000,8590,204000,144000,155000
Zimbabwe,267000,291000,315000,340000,,,,,,,412000,535000,449000,449000,441000,453000,452000,460000,525000,583000,601000,740000,678000,595000,675000,626000,654000,790000,789000,651000,608000,308000,251000,201000,225000,243000,239000,255000,264000,261000,259000,279000,321000,352000,301000,370000,379000,283000
